label,metaGroupId,groupId,goodPeakCount,medMz,medRt,maxQuality,isotopeLabel,compound,compoundId,formula,expectedRtDiff,ppmDiff,parent,HPLCMS-kid-Glucose-1,HPLCMS-kid-Glucose-2,HPLCMS-kid-Glucose-3,M1-brain-neg,M2-brain-neg,M3-brain-neg
,16,68,6,133.014099,12.708,0.825116,C12 PARENT,malate,malate,C4H6O5,0.572,1.147154,133.014099,26025120,37545488,25856870,10963531,16961156,16848318
,16,69,6,134.017456,12.707,0.8356,C13-label-1,malate,malate,C4H6O5,0.573,1.138566,133.014099,5602213.5,6978684,5213850,9130380,18735046,15175605
,16,70,6,135.020828,12.708,0.828774,C13-label-2,malate,malate,C4H6O5,0.572,0.904084,133.014099,2716081.5,2978721.75,2342233.75,8049096.5,18733566,14033109
,16,71,6,136.024094,12.703,0.838574,C13-label-3,malate,malate,C4H6O5,0.577,1.570477,133.014099,1172771,1770354.62,1200313.12,5353806.5,14009635,9951947
,16,72,5,137.027451,12.698,0.835991,C13-label-4,malate,malate,C4H6O5,0.582,1.558977,133.014099,114364.21,148757.73,108600.41,1671202.88,5659012,2961550
